{
    "release": {
        "id": "acs2014_1yr",
        "name": "ACS 2014 1-year",
        "years": "2014"
    },
    "tables": {
        "B12002": {
            "title": "Sex by Marital Status by Age for the Population 15 Years and Over",
            "universe": "Population 15 Years and Over",
            "denominator_column_id": "B12002001",
            "columns": {
                "B12002001": {
                    "name": "Total:",
                    "indent": 0
                },
                "B12002002": {
                    "name": "Male:",
                    "indent": 1
                },
                "B12002003": {
                    "name": "Never married:",
                    "indent": 2
                },
                "B12002004": {
                    "name": "15 to 17 years",
                    "indent": 3
                },
                "B12002005": {
                    "name": "18 and 19 years",
                    "indent": 3
                },
                "B12002006": {
                    "name": "20 to 24 years",
                    "indent": 3
                },
                "B12002007": {
                    "name": "25 to 29 years",
                    "indent": 3
                },
                "B12002008": {
                    "name": "30 to 34 years",
                    "indent": 3
                },
                "B12002009": {
                    "name": "35 to 39 years",
                    "indent": 3
                },
                "B12002010": {
                    "name": "40 to 44 years",
                    "indent": 3
                },
                "B12002011": {
                    "name": "45 to 49 years",
                    "indent": 3
                },
                "B12002012": {
                    "name": "50 to 54 years",
                    "indent": 3
                },
                "B12002013": {
                    "name": "55 to 59 years",
                    "indent": 3
                },
                "B12002014": {
                    "name": "60 to 64 years",
                    "indent": 3
                },
                "B12002015": {
                    "name": "65 to 74 years",
                    "indent": 3
                },
                "B12002016": {
                    "name": "75 to 84 years",
                    "indent": 3
                },
                "B12002017": {
                    "name": "85 years and over",
                    "indent": 3
                },
                "B12002018": {
                    "name": "Now married:",
                    "indent": 2
                },
                "B12002019": {
                    "name": "Married, spouse present:",
                    "indent": 3
                },
                "B12002020": {
                    "name": "15 to 17 years",
                    "indent": 4
                },
                "B12002021": {
                    "name": "18 and 19 years",
                    "indent": 4
                },
                "B12002022": {
                    "name": "20 to 24 years",
                    "indent": 4
                },
                "B12002023": {
                    "name": "25 to 29 years",
                    "indent": 4
                },
                "B12002024": {
                    "name": "30 to 34 years",
                    "indent": 4
                },
                "B12002025": {
                    "name": "35 to 39 years",
                    "indent": 4
                },
                "B12002026": {
                    "name": "40 to 44 years",
                    "indent": 4
                },
                "B12002027": {
                    "name": "45 to 49 years",
                    "indent": 4
                },
                "B12002028": {
                    "name": "50 to 54 years",
                    "indent": 4
                },
                "B12002029": {
                    "name": "55 to 59 years",
                    "indent": 4
                },
                "B12002030": {
                    "name": "60 to 64 years",
                    "indent": 4
                },
                "B12002031": {
                    "name": "65 to 74 years",
                    "indent": 4
                },
                "B12002032": {
                    "name": "75 to 84 years",
                    "indent": 4
                },
                "B12002033": {
                    "name": "85 years and over",
                    "indent": 4
                },
                "B12002034": {
                    "name": "Married, spouse absent:",
                    "indent": 3
                },
                "B12002035": {
                    "name": "Separated:",
                    "indent": 4
                },
                "B12002036": {
                    "name": "15 to 17 years",
                    "indent": 5
                },
                "B12002037": {
                    "name": "18 and 19 years",
                    "indent": 5
                },
                "B12002038": {
                    "name": "20 to 24 years",
                    "indent": 5
                },
                "B12002039": {
                    "name": "25 to 29 years",
                    "indent": 5
                },
                "B12002040": {
                    "name": "30 to 34 years",
                    "indent": 5
                },
                "B12002041": {
                    "name": "35 to 39 years",
                    "indent": 5
                },
                "B12002042": {
                    "name": "40 to 44 years",
                    "indent": 5
                },
                "B12002043": {
                    "name": "45 to 49 years",
                    "indent": 5
                },
                "B12002044": {
                    "name": "50 to 54 years",
                    "indent": 5
                },
                "B12002045": {
                    "name": "55 to 59 years",
                    "indent": 5
                },
                "B12002046": {
                    "name": "60 to 64 years",
                    "indent": 5
                },
                "B12002047": {
                    "name": "65 to 74 years",
                    "indent": 5
                },
                "B12002048": {
                    "name": "75 to 84 years",
                    "indent": 5
                },
                "B12002049": {
                    "name": "85 years and over",
                    "indent": 5
                },
                "B12002050": {
                    "name": "Other:",
                    "indent": 4
                },
                "B12002051": {
                    "name": "15 to 17 years",
                    "indent": 5
                },
                "B12002052": {
                    "name": "18 and 19 years",
                    "indent": 5
                },
                "B12002053": {
                    "name": "20 to 24 years",
                    "indent": 5
                },
                "B12002054": {
                    "name": "25 to 29 years",
                    "indent": 5
                },
                "B12002055": {
                    "name": "30 to 34 years",
                    "indent": 5
                },
                "B12002056": {
                    "name": "35 to 39 years",
                    "indent": 5
                },
                "B12002057": {
                    "name": "40 to 44 years",
                    "indent": 5
                },
                "B12002058": {
                    "name": "45 to 49 years",
                    "indent": 5
                },
                "B12002059": {
                    "name": "50 to 54 years",
                    "indent": 5
                },
                "B12002060": {
                    "name": "55 to 59 years",
                    "indent": 5
                },
                "B12002061": {
                    "name": "60 to 64 years",
                    "indent": 5
                },
                "B12002062": {
                    "name": "65 to 74 years",
                    "indent": 5
                },
                "B12002063": {
                    "name": "75 to 84 years",
                    "indent": 5
                },
                "B12002064": {
                    "name": "85 years and over",
                    "indent": 5
                },
                "B12002065": {
                    "name": "Widowed:",
                    "indent": 2
                },
                "B12002066": {
                    "name": "15 to 17 years",
                    "indent": 3
                },
                "B12002067": {
                    "name": "18 and 19 years",
                    "indent": 3
                },
                "B12002068": {
                    "name": "20 to 24 years",
                    "indent": 3
                },
                "B12002069": {
                    "name": "25 to 29 years",
                    "indent": 3
                },
                "B12002070": {
                    "name": "30 to 34 years",
                    "indent": 3
                },
                "B12002071": {
                    "name": "35 to 39 years",
                    "indent": 3
                },
                "B12002072": {
                    "name": "40 to 44 years",
                    "indent": 3
                },
                "B12002073": {
                    "name": "45 to 49 years",
                    "indent": 3
                },
                "B12002074": {
                    "name": "50 to 54 years",
                    "indent": 3
                },
                "B12002075": {
                    "name": "55 to 59 years",
                    "indent": 3
                },
                "B12002076": {
                    "name": "60 to 64 years",
                    "indent": 3
                },
                "B12002077": {
                    "name": "65 to 74 years",
                    "indent": 3
                },
                "B12002078": {
                    "name": "75 to 84 years",
                    "indent": 3
                },
                "B12002079": {
                    "name": "85 years and over",
                    "indent": 3
                },
                "B12002080": {
                    "name": "Divorced:",
                    "indent": 2
                },
                "B12002081": {
                    "name": "15 to 17 years",
                    "indent": 3
                },
                "B12002082": {
                    "name": "18 and 19 years",
                    "indent": 3
                },
                "B12002083": {
                    "name": "20 to 24 years",
                    "indent": 3
                },
                "B12002084": {
                    "name": "25 to 29 years",
                    "indent": 3
                },
                "B12002085": {
                    "name": "30 to 34 years",
                    "indent": 3
                },
                "B12002086": {
                    "name": "35 to 39 years",
                    "indent": 3
                },
                "B12002087": {
                    "name": "40 to 44 years",
                    "indent": 3
                },
                "B12002088": {
                    "name": "45 to 49 years",
                    "indent": 3
                },
                "B12002089": {
                    "name": "50 to 54 years",
                    "indent": 3
                },
                "B12002090": {
                    "name": "55 to 59 years",
                    "indent": 3
                },
                "B12002091": {
                    "name": "60 to 64 years",
                    "indent": 3
                },
                "B12002092": {
                    "name": "65 to 74 years",
                    "indent": 3
                },
                "B12002093": {
                    "name": "75 to 84 years",
                    "indent": 3
                },
                "B12002094": {
                    "name": "85 years and over",
                    "indent": 3
                },
                "B12002095": {
                    "name": "Female:",
                    "indent": 1
                },
                "B12002096": {
                    "name": "Never married:",
                    "indent": 2
                },
                "B12002097": {
                    "name": "15 to 17 years",
                    "indent": 3
                },
                "B12002098": {
                    "name": "18 and 19 years",
                    "indent": 3
                },
                "B12002099": {
                    "name": "20 to 24 years",
                    "indent": 3
                },
                "B12002100": {
                    "name": "25 to 29 years",
                    "indent": 3
                },
                "B12002101": {
                    "name": "30 to 34 years",
                    "indent": 3
                },
                "B12002102": {
                    "name": "35 to 39 years",
                    "indent": 3
                },
                "B12002103": {
                    "name": "40 to 44 years",
                    "indent": 3
                },
                "B12002104": {
                    "name": "45 to 49 years",
                    "indent": 3
                },
                "B12002105": {
                    "name": "50 to 54 years",
                    "indent": 3
                },
                "B12002106": {
                    "name": "55 to 59 years",
                    "indent": 3
                },
                "B12002107": {
                    "name": "60 to 64 years",
                    "indent": 3
                },
                "B12002108": {
                    "name": "65 to 74 years",
                    "indent": 3
                },
                "B12002109": {
                    "name": "75 to 84 years",
                    "indent": 3
                },
                "B12002110": {
                    "name": "85 years and over",
                    "indent": 3
                },
                "B12002111": {
                    "name": "Now married:",
                    "indent": 2
                },
                "B12002112": {
                    "name": "Married, spouse present:",
                    "indent": 3
                },
                "B12002113": {
                    "name": "15 to 17 years",
                    "indent": 4
                },
                "B12002114": {
                    "name": "18 and 19 years",
                    "indent": 4
                },
                "B12002115": {
                    "name": "20 to 24 years",
                    "indent": 4
                },
                "B12002116": {
                    "name": "25 to 29 years",
                    "indent": 4
                },
                "B12002117": {
                    "name": "30 to 34 years",
                    "indent": 4
                },
                "B12002118": {
                    "name": "35 to 39 years",
                    "indent": 4
                },
                "B12002119": {
                    "name": "40 to 44 years",
                    "indent": 4
                },
                "B12002120": {
                    "name": "45 to 49 years",
                    "indent": 4
                },
                "B12002121": {
                    "name": "50 to 54 years",
                    "indent": 4
                },
                "B12002122": {
                    "name": "55 to 59 years",
                    "indent": 4
                },
                "B12002123": {
                    "name": "60 to 64 years",
                    "indent": 4
                },
                "B12002124": {
                    "name": "65 to 74 years",
                    "indent": 4
                },
                "B12002125": {
                    "name": "75 to 84 years",
                    "indent": 4
                },
                "B12002126": {
                    "name": "85 years and over",
                    "indent": 4
                },
                "B12002127": {
                    "name": "Married, spouse absent:",
                    "indent": 3
                },
                "B12002128": {
                    "name": "Separated:",
                    "indent": 4
                },
                "B12002129": {
                    "name": "15 to 17 years",
                    "indent": 5
                },
                "B12002130": {
                    "name": "18 and 19 years",
                    "indent": 5
                },
                "B12002131": {
                    "name": "20 to 24 years",
                    "indent": 5
                },
                "B12002132": {
                    "name": "25 to 29 years",
                    "indent": 5
                },
                "B12002133": {
                    "name": "30 to 34 years",
                    "indent": 5
                },
                "B12002134": {
                    "name": "35 to 39 years",
                    "indent": 5
                },
                "B12002135": {
                    "name": "40 to 44 years",
                    "indent": 5
                },
                "B12002136": {
                    "name": "45 to 49 years",
                    "indent": 5
                },
                "B12002137": {
                    "name": "50 to 54 years",
                    "indent": 5
                },
                "B12002138": {
                    "name": "55 to 59 years",
                    "indent": 5
                },
                "B12002139": {
                    "name": "60 to 64 years",
                    "indent": 5
                },
                "B12002140": {
                    "name": "65 to 74 years",
                    "indent": 5
                },
                "B12002141": {
                    "name": "75 to 84 years",
                    "indent": 5
                },
                "B12002142": {
                    "name": "85 years and over",
                    "indent": 5
                },
                "B12002143": {
                    "name": "Other:",
                    "indent": 4
                },
                "B12002144": {
                    "name": "15 to 17 years",
                    "indent": 5
                },
                "B12002145": {
                    "name": "18 and 19 years",
                    "indent": 5
                },
                "B12002146": {
                    "name": "20 to 24 years",
                    "indent": 5
                },
                "B12002147": {
                    "name": "25 to 29 years",
                    "indent": 5
                },
                "B12002148": {
                    "name": "30 to 34 years",
                    "indent": 5
                },
                "B12002149": {
                    "name": "35 to 39 years",
                    "indent": 5
                },
                "B12002150": {
                    "name": "40 to 44 years",
                    "indent": 5
                },
                "B12002151": {
                    "name": "45 to 49 years",
                    "indent": 5
                },
                "B12002152": {
                    "name": "50 to 54 years",
                    "indent": 5
                },
                "B12002153": {
                    "name": "55 to 59 years",
                    "indent": 5
                },
                "B12002154": {
                    "name": "60 to 64 years",
                    "indent": 5
                },
                "B12002155": {
                    "name": "65 to 74 years",
                    "indent": 5
                },
                "B12002156": {
                    "name": "75 to 84 years",
                    "indent": 5
                },
                "B12002157": {
                    "name": "85 years and over",
                    "indent": 5
                },
                "B12002158": {
                    "name": "Widowed:",
                    "indent": 2
                },
                "B12002159": {
                    "name": "15 to 17 years",
                    "indent": 3
                },
                "B12002160": {
                    "name": "18 and 19 years",
                    "indent": 3
                },
                "B12002161": {
                    "name": "20 to 24 years",
                    "indent": 3
                },
                "B12002162": {
                    "name": "25 to 29 years",
                    "indent": 3
                },
                "B12002163": {
                    "name": "30 to 34 years",
                    "indent": 3
                },
                "B12002164": {
                    "name": "35 to 39 years",
                    "indent": 3
                },
                "B12002165": {
                    "name": "40 to 44 years",
                    "indent": 3
                },
                "B12002166": {
                    "name": "45 to 49 years",
                    "indent": 3
                },
                "B12002167": {
                    "name": "50 to 54 years",
                    "indent": 3
                },
                "B12002168": {
                    "name": "55 to 59 years",
                    "indent": 3
                },
                "B12002169": {
                    "name": "60 to 64 years",
                    "indent": 3
                },
                "B12002170": {
                    "name": "65 to 74 years",
                    "indent": 3
                },
                "B12002171": {
                    "name": "75 to 84 years",
                    "indent": 3
                },
                "B12002172": {
                    "name": "85 years and over",
                    "indent": 3
                },
                "B12002173": {
                    "name": "Divorced:",
                    "indent": 2
                },
                "B12002174": {
                    "name": "15 to 17 years",
                    "indent": 3
                },
                "B12002175": {
                    "name": "18 and 19 years",
                    "indent": 3
                },
                "B12002176": {
                    "name": "20 to 24 years",
                    "indent": 3
                },
                "B12002177": {
                    "name": "25 to 29 years",
                    "indent": 3
                },
                "B12002178": {
                    "name": "30 to 34 years",
                    "indent": 3
                },
                "B12002179": {
                    "name": "35 to 39 years",
                    "indent": 3
                },
                "B12002180": {
                    "name": "40 to 44 years",
                    "indent": 3
                },
                "B12002181": {
                    "name": "45 to 49 years",
                    "indent": 3
                },
                "B12002182": {
                    "name": "50 to 54 years",
                    "indent": 3
                },
                "B12002183": {
                    "name": "55 to 59 years",
                    "indent": 3
                },
                "B12002184": {
                    "name": "60 to 64 years",
                    "indent": 3
                },
                "B12002185": {
                    "name": "65 to 74 years",
                    "indent": 3
                },
                "B12002186": {
                    "name": "75 to 84 years",
                    "indent": 3
                },
                "B12002187": {
                    "name": "85 years and over",
                    "indent": 3
                }
            }
        }
    }
}